created_at,timestamp,static_updated_at,position_updated_at,mmsi,latitude,longitude,speed,course,heading,imo,name,call_sign,flag,draught,ship_type_code,ship_type,length,width,eta,destination,status,collection_type
2024-01-01 00:00:00.216 UTC,2024-01-01 00:00:00 UTC,2023-12-31 23:57:45 UTC,2024-01-01 00:00:00 UTC,311001272,5.2663633333333335,4.4562733333333329,0.1,253.1,302,9938482,SONANGOL KULUMBIMBI ,C6GK6  ,BS,9.4,80,Tanker,274,48,2023-12-27 07:00:00 UTC,NGERT               ,0,terrestrial
2024-01-01 00:00:02.264 UTC,2024-01-01 00:00:00 UTC,2023-12-31 23:57:05 UTC,2024-01-01 00:00:00 UTC,701006147,-38.035745,-57.526486666666663,0.2,11.2,511,8910964,DON FRANCISCO 1@@@@@,LW 4975,AR,4,30,Fishing Vessel,132,29,2023-02-04 12:00:00 UTC,ZONA DE PESCA@@@@@@@,3,terrestrial
2024-01-01 00:00:00.692 UTC,2024-01-01 00:00:00 UTC,2023-12-31 23:58:02 UTC,2024-01-01 00:00:00 UTC,538006484,6.4292399999999992,3.3910150000000003,0,360,511,8809921,FRONT PUFFIN@@@@@@@@,V7NO6 @,MH,10,99,Other,235,43,2023-03-16 11:00:00 UTC, NAVY BOAT 5NM CPA @,1,terrestrial
2024-01-01 00:00:01.426 UTC,2024-01-01 00:00:00 UTC,2023-12-31 23:56:32 UTC,2024-01-01 00:00:00 UTC,770576165,-34.899575,-56.199663333333334,0,0,511,0,SEA LIGHT           ,CXBR   ,UY,1.5,50,Special Craft,14,5,,@@@@@@@@@@@@@@@@@@@@,0,terrestrial
2024-01-01 00:00:00.609 UTC,2024-01-01 00:00:00 UTC,2023-12-31 23:55:09 UTC,2024-01-01 00:00:00 UTC,657215673,6.333966666666667,3.45133,7.5,138.7,142,9801641,JO HAM 1            ,5OGLV  ,NG,2.8,40,High-Speed Craft,33,8,2023-08-23 16:40:00 UTC,@@@@@@@@@@@@@@@@@@@@,8,terrestrial
2024-01-01 00:00:01.831 UTC,2024-01-01 00:00:00 UTC,2023-12-31 23:58:07 UTC,2024-01-01 00:00:00 UTC,701006056,-38.033938333333339,-57.53007,0,0.5,511,8614326,NAVEGANTES II@@@@@@@,LW2857@,AR,3.8,30,Fishing Vessel,67,10,2023-04-04 13:00:00 UTC,PTO MAR DEL PLATA@@@,0,terrestrial
2024-01-01 00:00:02.932 UTC,2024-01-01 00:00:00 UTC,2023-12-31 23:59:42 UTC,2024-01-01 00:00:00 UTC,701019000,-38.048465,-57.536341666666665,0,168.1,511,9112961,CENTAURO 2000  @@@@@,LW 9780,AR,0,0,Other,37,9,2023-11-21 05:30:00 UTC,@@@@@@@@@@@@@@@@@@@@,15,terrestrial
2024-01-01 00:00:03.975 UTC,2024-01-01 00:00:00 UTC,2023-12-31 23:57:43 UTC,2024-01-01 00:00:00 UTC,770576231,-34.596398333333333,-58.364338333333329,0.1,355.5,166,9119385,SILVIA ANA L        ,CXQZ   ,UY,2.6,40,High-Speed Craft,0,0,2023-04-13 00:30:00 UTC,BS COL BS           ,0,terrestrial
2024-01-01 00:00:02.832 UTC,2024-01-01 00:00:00 UTC,2023-12-31 23:59:17 UTC,2024-01-01 00:00:00 UTC,701000676,-34.630448333333334,-58.351643333333328,0,194.1,511,6915570,YAKTEMI@@@@@@@@@@@@@,LW8733 ,AR,3,53,Special Craft,54,11,,@@@@@@@@@@@@@@@@@@@@,0,terrestrial
2024-01-01 00:00:03.424 UTC,2024-01-01 00:00:00 UTC,2023-12-31 23:58:13 UTC,2024-01-01 00:00:00 UTC,671019300,5.5999133333333333,0.036303333333333333,0.8,173.2,511,9055711,-DETERMINATION@@@@@@,5VDN6@@,TG,4,84,Tanker,432,0,2023-12-19 20:00:00 UTC,TEMA@@@@@@@@@@@@@@@@,0,terrestrial
2024-01-01 00:00:03.067 UTC,2024-01-01 00:00:00 UTC,2023-12-31 23:54:37 UTC,2024-01-01 00:00:00 UTC,701000865,-34.624921666666665,-58.349553333333333,0,9.3,316,7931959,BOUCINA @@@@@@@@@@@@,LW 9749,AR,3.9,30,Fishing Vessel,43,7,2023-10-18 12:00:00 UTC,PUERTO BUENOS AIRES@,7,terrestrial
2024-01-01 00:00:03.061 UTC,2024-01-01 00:00:00 UTC,2023-12-30 06:58:43 UTC,2024-01-01 00:00:00 UTC,657374000,6.4080833333333338,3.6304066666666666,2.2,260.8,511,,,5NLD4  ,NG,,52,Tug,2,2,,,15,terrestrial
2024-01-01 00:00:00.27 UTC,2024-01-01 00:00:00 UTC,2023-12-31 23:59:44 UTC,2024-01-01 00:00:00 UTC,657270100,4.4048033333333336,7.829265,0.1,249.1,511,7383401,PRINCESS AWENI      ,5N2122 ,NG,0,0,Other,260,0,,@@@@@@@@@@@@@@@@@@@@,15,terrestrial
2024-01-01 00:00:00.27 UTC,2024-01-01 00:00:00 UTC,2023-12-31 23:59:17 UTC,2024-01-01 00:00:00 UTC,657117300,4.13198,7.9754783333333332,7.4,61.1,511,9702314,DEFENDER VI (AIS2)@@,5NSY6@@,NG,2.4,40,High-Speed Craft,33,7,2023-12-22 01:50:00 UTC,USAN@@@@@@@@@@@@@@@@,15,terrestrial
2024-01-01 00:51:42.154 UTC,2024-01-01 00:00:00 UTC,2023-12-31 23:05:09 UTC,2024-01-01 00:00:00 UTC,636020122,-18.736085,-37.956911666666663,10.3,18.1,16,9757022,AQUAPISCES          ,D5XT9  ,LR,12.1,70,Cargo,198,32,2023-01-17 09:30:00 UTC,US BOS              ,0,satellite
2024-01-01 00:00:01.83 UTC,2024-01-01 00:00:00 UTC,2023-12-31 23:56:58 UTC,2024-01-01 00:00:00 UTC,770576160,-34.900265,-56.203025000000004,0,0,511,0,BESUGO II           ,CXOO   ,UY,3,30,Fishing Vessel,21,6,2023-02-28 05:00:00 UTC,ZONA DE PESCA       ,0,terrestrial
2024-01-01 00:00:00.311 UTC,2024-01-01 00:00:00 UTC,2023-12-31 23:55:09 UTC,2024-01-01 00:00:00 UTC,701033000,-34.404358333333334,-58.59534,0,341.3,511,7382421,ATLANTIC DAMA @@@@@@,SSD@@@@,AR,3.6,52,Tug,58,12,2023-08-05 22:30:00 UTC,MONTEVIDEO@@@@@@@@@@,0,terrestrial
2024-01-01 00:00:00.609 UTC,2024-01-01 00:00:00 UTC,2023-12-31 23:54:41 UTC,2024-01-01 00:00:00 UTC,636015762,5.0016733333333327,4.07143,13.2,152.6,154,9579535,ALMI SUN            ,D5CQ8  ,LR,9.3,80,Tanker,274,48,2023-01-02 23:01:00 UTC,NG ABM              ,0,terrestrial
2024-01-01 00:00:33.045 UTC,2024-01-01 00:00:00 UTC,2023-12-31 23:47:55 UTC,2024-01-01 00:00:00 UTC,657193600,4.4800033333333333,3.0526583333333335,8.6,175.1,511,0,MV A80              ,50KF   ,NG,0,36,Sailing Vessel,37,8,,@@@@@@@@@@@@@@@@@@@@,0,terrestrial
2024-01-01 00:00:16.156 UTC,2024-01-01 00:00:00 UTC,2023-12-31 23:50:41 UTC,2024-01-01 00:00:00 UTC,657664000,4.0570283333333332,7.8373183333333332,1,51.4,511,0,MV.ACEMS III        ,5NJE2  ,NG,1.2,60,Passenger Ship,38,8,,ARMED GUARDS ONBOARD,15,terrestrial
2024-01-01 00:00:00.414 UTC,2024-01-01 00:00:00 UTC,2023-12-31 23:59:47 UTC,2024-01-01 00:00:00 UTC,657127100,4.09198,7.7630533333333336,11.9,269,270,9741310,TMC HAWK            ,5NYL5  ,NG,3,35,Special Craft,33,7,2023-12-14 15:00:00 UTC,YOHO                ,0,terrestrial
2024-01-01 00:00:00.353 UTC,2024-01-01 00:00:00 UTC,,2024-01-01 00:00:00 UTC,613284700,4.3941866666666671,8.4323916666666658,4.7,307.4,511,,,,CM,,,,,,,,0,terrestrial
2024-01-01 00:00:01.561 UTC,2024-01-01 00:00:00 UTC,2023-12-31 23:58:03 UTC,2024-01-01 00:00:00 UTC,538008380,4.4442866666666667,7.1537533333333325,0,279.9,24,9290311,BRYANSTON           ,V7A2297,MH,8,81,Tanker,244,42,2023-11-17 15:00:00 UTC,ARMED GUARD ONBOARD ,0,terrestrial
2024-01-01 00:00:03.085 UTC,2024-01-01 00:00:00 UTC,2023-12-31 23:54:02 UTC,2024-01-01 00:00:00 UTC,710019690,-22.878531666666667,-43.120824999999996,0,48.5,511,0,BRIZAMAR         @@@,PQ4577 ,BR,0,99,Other,42,10,2023-07-23 07:00:00 UTC,PCAXV X PAQUETA@@@@@,0,terrestrial
2024-01-01 00:00:00.609 UTC,2024-01-01 00:00:00 UTC,2023-12-31 23:57:23 UTC,2024-01-01 00:00:00 UTC,657893000,4.2231816666666662,7.7704383333333329,8,107.4,102,9658539,DEFENDER 2          ,5NSY3  ,NG,2,49,High-Speed Craft,33,7,2023-12-28 23:00:00 UTC,YOHO                ,0,terrestrial
2024-01-01 00:00:02.928 UTC,2024-01-01 00:00:00 UTC,,2024-01-01 00:00:00 UTC,657121800,4.6892166666666668,7.1571833333333332,0.3,273.9,273,,JASCON 63@@@@@@@@@@@,,NG,,40,High-Speed Craft,19,6,,,,terrestrial
2024-01-01 00:00:01.429 UTC,2024-01-01 00:00:00 UTC,2023-12-31 23:52:26 UTC,2024-01-01 00:00:00 UTC,375047000,-5.3174716666666662,12.101758333333333,0.2,157.9,136,9639191,BOURBON LIBERTY 161 ,J8B4979,VC,4.1,90,Other,62,14,2023-12-22 03:30:00 UTC,KUNGULO OILFIELD    ,0,terrestrial
2024-01-01 00:00:15.567 UTC,2024-01-01 00:00:00 UTC,2023-12-31 23:54:18 UTC,2024-01-01 00:00:00 UTC,657151000,4.2690316666666668,8.1713583333333339,1.2,41.3,41,0,MV SILVERLINE 2@@@@@,5ODU2@@,NG,0,0,Other,0,0,2023-09-24 19:00:00 UTC,12@@@@@@@@@@@@@@@@@@,0,terrestrial
2024-01-01 00:00:32.687 UTC,2024-01-01 00:00:00 UTC,2023-12-31 23:59:20 UTC,2024-01-01 00:00:00 UTC,657173100,5.2658466666666666,4.4740633333333335,5.6,283.2,292,9874363,RELIANCE MERCY      ,5OAT2  ,NG,3,40,High-Speed Craft,35,7,,OUT BOUND           ,0,terrestrial
2024-01-01 00:00:00.237 UTC,2024-01-01 00:00:00 UTC,,2024-01-01 00:00:00 UTC,677350000,6.4488616666666667,3.3899183333333336,0.1,278.1,511,,,,TZ,,,,,,,,15,terrestrial
2024-01-01 00:00:00.353 UTC,2024-01-01 00:00:00 UTC,2023-12-31 23:57:43 UTC,2024-01-01 00:00:00 UTC,657171200,4.1895816666666663,8.1918566666666663,6.6,257,255,9801639,MV ELYON            ,50AK2  ,NG,0,35,Special Craft,13,9,2023-09-29 12:30:00 UTC,@@@@@@@@@@@@@@@@@@@@,0,terrestrial
2024-01-01 00:00:02.945 UTC,2024-01-01 00:00:00 UTC,2023-12-31 23:45:51 UTC,2024-01-01 00:00:00 UTC,701000836,-38.04834,-57.537086666666667,0,26.6,511,9077939,BELVEDERE @@@@@@@@@@,LW 9565,AR,2.4,30,Fishing Vessel,26,7,2023-01-02 06:00:00 UTC,ZONAPESCA@@@@@@@@@@@,8,terrestrial
2024-01-01 00:00:02.839 UTC,2024-01-01 00:00:00 UTC,,2024-01-01 00:00:00 UTC,701059000,-38.049065000000006,-57.535381666666666,0,351.2,62,,,,AR,,,,,,,,7,terrestrial
2024-01-01 00:00:04.76 UTC,2024-01-01 00:00:00 UTC,2023-12-31 23:59:55 UTC,2024-01-01 00:00:00 UTC,577590000,-5.515905,11.997715,0.2,221.5,103,9958509,FRANQUE TIDE@@@@@@@@,YJXM4@@,VU,2.9,52,Tug,29,9,2023-12-31 18:00:00 UTC,SBM4@@@@@@@@@@@@@@@@,0,terrestrial
2024-01-01 00:00:03.44 UTC,2024-01-01 00:00:00 UTC,2023-12-31 23:58:35 UTC,2024-01-01 00:00:00 UTC,538007941,-5.3745,12.165439999999998,0.2,181.1,511,0,LUCY TIDE           ,V7DO3  ,MH,0,0,Other,0,0,,@@@@@@@@@@@@@@@@@@@@,0,terrestrial
2024-01-01 00:00:02.06 UTC,2024-01-01 00:00:00 UTC,2023-12-31 23:57:26 UTC,2024-01-01 00:00:00 UTC,701006679,-32.697833333333328,-60.72349333333333,0,248.4,511,9769362,COOPOR ESTIBADOR I  ,LW 3301,AR,4.5,52,Tug,28,10,2023-05-07 00:00:00 UTC,SAN LORENZO         ,8,terrestrial
2024-01-01 00:00:03.326 UTC,2024-01-01 00:00:00 UTC,2023-12-31 23:50:55 UTC,2024-01-01 00:00:00 UTC,701006194,-38.035835,-57.531725,0,173.7,511,0,KYOKKO RUA          ,LW8163 ,AR,0,0,Other,32,9,,@@@@@@@@@@@@@@@@@@@@,15,terrestrial
2024-01-01 00:19:56.665 UTC,2024-01-01 00:00:00 UTC,2023-12-31 23:53:01 UTC,2024-01-01 00:00:00 UTC,701000800,-47.751781666666673,-65.918061666666674,0,277,511,8801149,VIEIRASA 16@@@@@@@@@,SSD@@@@,AR,0,0,Other,36,9,,@@@@@@@@@@@@@@@@@@@@,15,satellite
2024-01-01 00:51:42.331 UTC,2024-01-01 00:00:00 UTC,2023-12-31 23:59:17 UTC,2024-01-01 00:00:00 UTC,710005920,-21.823775,-40.954648333333331,8.8,79.9,81,9426984,CBO ANA LUISA@@@@@@@,PPZT@@@,BR,4.5,79,Cargo,75,17,2023-12-31 11:00:00 UTC,PORTO DO ACU@@@@@@@@,5,satellite
2024-01-01 04:25:53.671 UTC,2024-01-01 00:00:00 UTC,2023-12-31 23:51:35 UTC,2024-01-01 00:00:00 UTC,725000662,-43.932933333333338,-73.409655,9.5,183.7,183,9534092, @@@@@@@            ,CA2513 ,CL,3.5,30,Fishing Vessel,67,12,2023-01-03 12:00:00 UTC,PENLA STAINES       ,0,satellite
2024-01-01 00:00:03.054 UTC,2024-01-01 00:00:00 UTC,2023-12-31 23:55:20 UTC,2024-01-01 00:00:00 UTC,372916000,-33.817528333333335,-59.221591666666669,12.2,267.1,276,9800441,FAIRCHEM ENDURANCE  ,3FXJ6  ,PA,6.3,80,Tanker,159,27,2023-12-30 23:00:00 UTC,ARSLO               ,0,terrestrial
2024-01-01 00:00:46.164 UTC,2024-01-01 00:00:00 UTC,,2024-01-01 00:00:00 UTC,710239100,-22.877419999999997,-43.124841666666661,0,197,0,,,,BR,,,,,,,,,terrestrial
2024-01-01 00:00:01.76 UTC,2024-01-01 00:00:00 UTC,2023-12-31 23:59:57 UTC,2024-01-01 00:00:00 UTC,770576106,-34.89761,-56.199605,0,172.6,258,8702317,RIO SOLIS II        ,CXXV   ,UY,5.5,30,Fishing Vessel,0,0,2023-05-26 17:00:00 UTC,MONTEVIDEO@@@@@@@@@@,5,terrestrial
2024-01-01 00:00:00.609 UTC,2024-01-01 00:00:00 UTC,2023-12-31 23:58:43 UTC,2024-01-01 00:00:00 UTC,352916000,5.3879383333333335,4.5914933333333332,0.1,254.1,511,8302131,TAMARA TOKONI       ,3EQU8  ,PA,0,89,Tanker,0,0,,@@@@@@@@@@@@@@@@@@@@,15,terrestrial
2024-01-01 00:00:02.701 UTC,2024-01-01 00:00:00 UTC,2023-12-31 23:59:00 UTC,2024-01-01 00:00:00 UTC,770576103,-34.90043,-56.203683333333331,0,0,511,0,CACIQUE             ,CXUO   ,UY,5,30,Fishing Vessel,5,0,,PESQUERO            ,15,terrestrial
2024-01-01 00:00:00.237 UTC,2024-01-01 00:00:00 UTC,2023-12-31 23:55:21 UTC,2024-01-01 00:00:00 UTC,657127200,6.44842,3.39119,0,278.2,511,9762168,ELTEE 1             ,5OAJ   ,NG,1.8,60,Passenger Ship,38,8,2023-11-04 18:00:00 UTC,FORCADOS            ,0,terrestrial
2024-01-01 00:00:24.609 UTC,2024-01-01 00:00:00 UTC,2023-12-31 23:54:05 UTC,2024-01-01 00:00:00 UTC,668116140,3.8207383333333333,7.3491833333333334,8.5,70,511,,GLORY               ,S9-UK  ,ST,,0,Other,0,0,,,,terrestrial
2024-01-01 00:51:42.088 UTC,2024-01-01 00:00:00 UTC,2023-12-31 23:08:59 UTC,2024-01-01 00:00:00 UTC,710004880,-21.25677,-40.070235000000004,2.9,98.1,93,9668726,STARNAV PERSEUS     ,PPYU   ,BR,4.5,99,Other,89,18,2023-12-28 13:00:00 UTC,BACIA DE ES         ,3,satellite
2024-01-01 00:00:00.922 UTC,2024-01-01 00:00:00 UTC,2023-12-31 23:55:39 UTC,2024-01-01 00:00:00 UTC,657252900,4.2138383333333334,7.8031333333333333,6.9,256.9,262,9303479,MV PLATT JOE JOE    ,5OZB   ,NG,0,0,Other,0,0,2023-06-07 05:00:00 UTC,ABO OIL FIELD       ,0,terrestrial
2024-01-01 00:00:00.237 UTC,2024-01-01 00:00:00 UTC,2023-12-31 23:58:33 UTC,2024-01-01 00:00:00 UTC,657052872,6.4321433333333333,3.3896716666666666,0,178,91,9802566,AVA J MCCALL        ,5OKTY  ,NG,2.4,52,Tug,60,10,2023-12-31 11:00:00 UTC,LAGOS LADOL         ,0,terrestrial
2024-01-01 00:00:00.713 UTC,2024-01-01 00:00:00 UTC,2023-12-31 23:59:26 UTC,2024-01-01 00:00:00 UTC,657830000,3.5733816666666667,7.3932233333333333,0,253.8,23,9505845,USAN FPSO           ,5NMX2  ,NG,0,89,Tanker,320,61,,@@@@@@@@@@@@@@@@@@@@,15,terrestrial
2024-01-01 00:00:00.175 UTC,2024-01-01 00:00:00 UTC,2023-12-31 23:55:56 UTC,2024-01-01 00:00:00 UTC,657615000,4.7735983333333341,7.065915,0.1,352.3,511,9592147,MV PRIMUS           ,5NTZ   ,NG,3,90,Other,25,9,2023-01-13 06:00:00 UTC,ADANGA FIELD        ,0,terrestrial
2024-01-01 00:00:00.054 UTC,2024-01-01 00:00:00 UTC,2023-12-31 23:58:53 UTC,2024-01-01 00:00:00 UTC,657224200,4.1201733333333328,8.261375,0.3,347.1,128,9909883,AUS PIONEER         ,5OSR   ,NG,20,69,Passenger Ship,40,8,2023-01-01 00:00:00 UTC,@@@@@@@@@@@@@@@@@@@@,13,terrestrial
2024-01-01 00:00:00.497 UTC,2024-01-01 00:00:00 UTC,2023-12-31 23:55:13 UTC,2024-01-01 00:00:00 UTC,657127500,3.57018,7.4622866666666665,5.8,2.7,359,9702338,MV ELIJAH           ,50AK   ,NG,2.7,35,Special Craft,0,0,2023-11-28 15:00:00 UTC,RVP                 ,8,terrestrial
2024-01-01 00:00:00.216 UTC,2024-01-01 00:00:00 UTC,2024-01-01 00:00:00 UTC,2024-01-01 00:00:00 UTC,312845000,6.3242133333333337,3.3576016666666666,0.8,74.1,282,9339791,MY LAMA             ,V3TD3  ,BZ,9,70,Cargo,170,26,2024-02-01 06:00:00 UTC,NG PHC              ,1,terrestrial
2024-01-01 00:00:00.609 UTC,2024-01-01 00:00:00 UTC,2023-12-31 23:59:40 UTC,2024-01-01 00:00:00 UTC,657132200,5.3496983333333334,4.33422,0.2,294.6,314,9742845,JASCON 69           ,5NZX7  ,NG,4.4,90,Other,70,16,2023-12-22 04:00:00 UTC,ERHA  FIELD         ,0,terrestrial
2024-01-01 00:00:00.414 UTC,2024-01-01 00:00:00 UTC,2023-12-31 23:59:07 UTC,2024-01-01 00:00:00 UTC,657175600,4.171383333333333,7.49735,6.3,108.6,104,9869825,TMC PHOENIX         ,5NYL9  ,NG,1.7,60,Passenger Ship,40,8,2023-12-26 21:50:00 UTC,AMENAM              ,0,terrestrial
2024-01-01 00:51:30.111 UTC,2024-01-01 00:00:00 UTC,2023-12-31 20:33:05 UTC,2024-01-01 00:00:00 UTC,710052000,-24.996141666666666,-42.423606666666664,0.5,285.7,189,9273258,AUSTRAL ABROLHOS    ,PPPY   ,BR,5.3,95,Other,65,15,2023-12-30 22:30:00 UTC,SANTOS BASIN        ,3,satellite
2024-01-01 00:00:00.922 UTC,2024-01-01 00:00:00 UTC,2023-12-31 23:58:47 UTC,2024-01-01 00:00:00 UTC,657122800,4.021773333333333,7.7884633333333335,0.9,342.6,278,9359533,AFRIK EKULU         ,5NZY6  ,NG,0,90,Other,30,11,2023-12-06 00:30:00 UTC,ODUDU               ,0,terrestrial
2024-01-01 00:51:42.07 UTC,2024-01-01 00:00:00 UTC,2023-12-31 23:53:51 UTC,2024-01-01 00:00:00 UTC,566222000,-15.156791666666667,-35.466969999999996,11.6,197.7,198,9453781,PELAGICA            ,9V8834 ,SG,8.1,70,Cargo,138,21,2023-01-06 04:00:00 UTC,UY NVP              ,0,satellite
2024-01-01 00:45:26.144 UTC,2024-01-01 00:00:00 UTC,2023-12-31 23:32:31 UTC,2024-01-01 00:00:00 UTC,636014286,-22.252135,-39.32821,11.7,44.2,45,9407407,HORIZON THEONI      ,A8SS5  ,LR,11,80,Tanker,183,32,2023-01-06 05:00:00 UTC,BR SLZ              ,0,satellite
2024-01-01 00:00:00.332 UTC,2024-01-01 00:00:00 UTC,2023-12-31 23:48:46 UTC,2024-01-01 00:00:00 UTC,657152800,4.1934700000000005,7.1654583333333335,1,295.8,511,9774226,EREGBA II           ,5OEA   ,NG,1.8,35,Special Craft,29,21,2023-12-24 21:00:00 UTC,BONNY OFFSHORE      ,0,terrestrial
2024-01-01 00:00:00.713 UTC,2024-01-01 00:00:00 UTC,2023-12-31 23:59:58 UTC,2024-01-01 00:00:00 UTC,657104600,3.5858283333333332,7.42475,0.6,75.5,511,9429948,JASCON 39           ,5NXW4  ,NG,4,0,Other,60,16,2023-12-10 15:45:00 UTC,YOHO                ,0,terrestrial
2024-01-01 00:00:00.175 UTC,2024-01-01 00:00:00 UTC,2023-12-31 23:59:46 UTC,2024-01-01 00:00:00 UTC,657181400,4.767615,7.0552666666666664,0,328.2,138,7931026,AMBIKA              ,5OCX9  ,NG,4.5,33,Special Craft,96,14,2023-03-23 14:00:00 UTC,FORCADOS            ,5,terrestrial
2024-01-01 00:00:03.077 UTC,2024-01-01 00:00:00 UTC,2023-12-31 23:51:50 UTC,2024-01-01 00:00:00 UTC,701151000,-38.045218333333331,-57.539595,0,330.8,511,9964687,LUIGI@@@@@@@@@@@@@@@,LW 4680,AR,5.4,90,Other,40,11,2023-09-29 07:00:00 UTC,PTO MAR DEL PLATA   ,0,terrestrial
2024-01-01 00:00:02.214 UTC,2024-01-01 00:00:00 UTC,2023-12-31 23:58:28 UTC,2024-01-01 00:00:00 UTC,538005137,-9.6817166666666665,-35.723708333333335,0,150.3,211,9255189,DS MANATEE@@@@@@@@@@,V7BG8@@,MH,5.9,70,Cargo,178,26,2023-12-16 15:00:00 UTC,BR MCZ@@@@@@@@@@@@@@,5,terrestrial
2024-01-01 00:00:01.824 UTC,2024-01-01 00:00:00 UTC,2023-12-31 23:58:28 UTC,2024-01-01 00:00:00 UTC,224943000,-12.307531666666668,13.565511666666668,0,243.2,206,8701181,PLAYA DE BARRA @@@@@,EFHA@@@,ES,5.5,30,Fishing Vessel,40,9,2023-01-01 06:30:00 UTC,LOBITO       @@@@@@@,7,terrestrial
2024-01-01 00:00:00.216 UTC,2024-01-01 00:00:00 UTC,2023-12-31 23:33:36 UTC,2024-01-01 00:00:00 UTC,657164300,5.3997366666666666,3.8425883333333331,12,153,158,9241815,ST ZEE ZEE@@@@@@@@@@,5OAQ3@@,NG,5.2,89,Tanker,176,31,2023-01-02 09:00:00 UTC,NGBON@@@@@@@@@@@@@@@,0,terrestrial
2024-01-01 00:00:00.839 UTC,2024-01-01 00:00:00 UTC,2023-12-31 23:59:18 UTC,2024-01-01 00:00:00 UTC,565985000,4.2300333333333331,7.8375900000000005,0,219.9,322,8770546,CARACAL PIONEER     ,9V8356 ,SG,3,90,Other,80,44,2023-12-21 12:00:00 UTC,IBOM_FIELD          ,3,terrestrial
2024-01-01 00:00:00.538 UTC,2024-01-01 00:00:00 UTC,2023-12-31 23:59:47 UTC,2024-01-01 00:00:00 UTC,657149300,4.237705,8.008835,0.5,257,262,9694127,TOPAZ SEEMA         ,V7DL5  ,NG,5.3,98,Other,75,17,2023-12-22 00:30:00 UTC,FSOYOHO             ,8,terrestrial
2024-01-01 00:00:00.651 UTC,2024-01-01 00:00:00 UTC,2023-12-31 23:56:54 UTC,2024-01-01 00:00:00 UTC,657135500,4.030585,7.8038366666666672,0,96.7,6,9781059,MV OSANYAMO         ,5NRL3  ,NG,5.5,52,Tug,51,14,2023-09-29 01:30:00 UTC,ODUDU TERM          ,0,terrestrial
2024-01-01 00:51:42.471 UTC,2024-01-01 00:00:00 UTC,2023-12-31 23:14:19 UTC,2024-01-01 00:00:00 UTC,538005900,-12.692253333333333,-37.832655,6.9,230.3,233,9722015,BALTIC WASP         ,V7HZ4  ,MH,12.4,70,Cargo,200,32,2023-01-01 09:00:00 UTC,BRSSA               ,0,satellite
2024-01-01 00:00:00.216 UTC,2024-01-01 00:00:00 UTC,2023-12-31 23:58:53 UTC,2024-01-01 00:00:00 UTC,219211000,5.3317816666666671,4.3355066666666664,0.7,80.2,67,9285524,POSEIDON EXPRESS    ,OYKO2  ,DK,5.4,90,Other,72,16,2023-12-31 18:00:00 UTC,ERHA                ,0,terrestrial
2024-01-01 00:00:00.311 UTC,2024-01-01 00:00:00 UTC,2023-12-31 23:55:43 UTC,2024-01-01 00:00:00 UTC,321200987,4.1325449999999995,7.51613,0,0,511,0,AMENAM              ,@@@@@@@,CR,0,0,Other,100,80,2023-12-16 20:00:00 UTC,@@@@@@@@@@@@@@@@@@@@,2,terrestrial
2024-01-01 00:00:03.44 UTC,2024-01-01 00:00:00 UTC,2023-12-31 23:54:48 UTC,2024-01-01 00:00:00 UTC,224935000,-8.7855383333333332,13.24639,0,360,511,9225835,SANTA MARIA R@@@@@@@,EAPA@@@,ES,0,30,Fishing Vessel,32,8,,PESCA@@@@@@@@@@@@@@@,1,terrestrial
2024-01-01 00:00:35.054 UTC,2024-01-01 00:00:00 UTC,2023-12-31 23:54:53 UTC,2024-01-01 00:00:00 UTC,657248400,6.428745,3.263295,0,343.6,268,9285732,ZONDA               ,5OXZ   ,NG,7.1,80,Tanker,174,32,2023-12-29 06:30:00 UTC,ARMED GUARDS ONBOARD,5,terrestrial
2024-01-01 00:20:14.291 UTC,2024-01-01 00:00:00 UTC,2023-12-31 20:27:00 UTC,2024-01-01 00:00:00 UTC,701103000,-46.472143333333328,-67.500208333333333,0,336.9,71,9642473,EL CHALTEN          ,LW2895 ,AR,3.9,90,Other,1,3,2023-12-14 23:00:00 UTC,CALETA OLIVIA       ,0,satellite
2024-01-01 00:46:10.115 UTC,2024-01-01 00:00:00 UTC,2023-12-31 21:53:46 UTC,2024-01-01 00:00:00 UTC,636015632,-9.8411116666666665,-26.063646666666667,14.8,298.4,300,9595412,AZUL HORIZONTE      ,D5BY6  ,LR,9.9,70,Cargo,300,50,2023-01-04 14:00:00 UTC,BR PMA              ,0,satellite
2024-01-01 00:19:56.594 UTC,2024-01-01 00:00:00 UTC,2023-12-31 21:44:45 UTC,2024-01-01 00:00:00 UTC,725003185,-43.125236666666666,-73.619306666666674,0.1,88,511,9255036,GRIP PATAGONIA@@@@@@,CA7780@,CL,4.5,75,Cargo,44,10,2023-12-31 10:00:00 UTC,CANAL YELCHO@@@@@@@@,0,satellite
2024-01-01 00:00:03.261 UTC,2024-01-01 00:00:00 UTC,2023-12-31 23:48:28 UTC,2024-01-01 00:00:00 UTC,210027000,5.7188799999999995,4.4866899999999994,0.6,111.4,324,9451587,LEADER Z@@@@@@@@@@@@,5BJN6@@,CY,5,52,Tug,67,15,2023-12-26 08:00:00 UTC,ABO OIL FIELD@@@@@@@,0,terrestrial
2024-01-01 00:46:10.113 UTC,2024-01-01 00:00:00 UTC,2023-12-31 21:09:03 UTC,2024-01-01 00:00:00 UTC,224732000,-9.5831833333333325,-33.910956666666671,12.5,203.5,197,8512645,PLAYA DE SARTAXENS  ,EHKC   ,ES,7,30,Fishing Vessel,66,12,2023-01-07 09:00:00 UTC,MONTEVIDEO          ,0,satellite
2024-01-01 00:00:01.577 UTC,2024-01-01 00:00:00 UTC,2023-12-31 23:56:03 UTC,2024-01-01 00:00:00 UTC,431187000,-35.166181666666667,-56.408126666666668,14.1,89.7,89,9458999,BROOKLYN BRIDGE     ,7KPG   ,JP,9.9,70,Cargo,267,36,2023-01-04 08:00:00 UTC,BR IOA              ,0,terrestrial
2024-01-01 00:00:01.707 UTC,2024-01-01 00:00:00 UTC,2023-12-31 23:58:39 UTC,2024-01-01 00:00:00 UTC,412371205,-34.593213333333331,-58.366655,0,360,511,0,HU SHUN YU 08@@@@@@@,@@@@@@@,CN,0,30,Fishing Vessel,70,10,,@@@@@@@@@@@@@@@@@@@@,5,terrestrial
2024-01-01 00:51:42.088 UTC,2024-01-01 00:00:00 UTC,2023-12-31 23:32:45 UTC,2024-01-01 00:00:00 UTC,416089700,-15.096666666666666,-34.445983333333331,2.8,48.5,511,,CHIN CHANG LONG @@@@,BH3013@,TW,,0,Other,0,0,,,,satellite
2024-01-01 04:25:53.811 UTC,2024-01-01 00:00:00 UTC,2023-12-31 23:21:11 UTC,2024-01-01 00:00:00 UTC,477195800,-48.066469999999995,-76.372530000000012,11.9,172.5,179,9610717,JAMAICA BAY         ,VRMC9  ,HK,6.9,70,Cargo,180,30,2023-01-06 06:00:00 UTC,ARNEC               ,0,satellite
2024-01-01 00:51:42.138 UTC,2024-01-01 00:00:00 UTC,2023-12-31 23:37:46 UTC,2024-01-01 00:00:00 UTC,710033290,-11.467170000000001,-36.909558333333329,13.8,236.1,234,9547702,GARRINCHA           ,PPAH   ,BR,9,80,Tanker,249,44,2023-01-03 01:30:00 UTC,RIO DE JANEIRO      ,0,satellite
2024-01-01 00:19:56.617 UTC,2024-01-01 00:00:00 UTC,2023-12-31 23:56:31 UTC,2024-01-01 00:00:00 UTC,725002300,-54.851933333333335,-73.128983333333323,0.7,335.6,317,7387392,CISNEBLANCO         ,CB-4108,CL,4.1,30,Fishing Vessel,47,9,2023-12-25 13:00:00 UTC,ZONA DE PESCA       ,7,satellite
2024-01-01 00:51:42.378 UTC,2024-01-01 00:00:00 UTC,2023-12-31 20:45:01 UTC,2024-01-01 00:00:00 UTC,249783000,-26.37793,-41.451901666666664,15.3,286.2,283,9727613,CAPE KORTIA         ,9HA4377,MT,13.9,70,Cargo,330,48,2023-01-01 20:00:00 UTC,BRSSZ               ,0,satellite
2024-01-01 00:45:26.483 UTC,2024-01-01 00:00:00 UTC,2023-12-31 20:07:27 UTC,2024-01-01 00:00:00 UTC,477096200,-22.734558333333332,-39.186336666666662,16.4,228.9,228,9750220,PAN ASIA@@@@@@@@@@@@,VRQC2@@,HK,11.4,81,Tanker,290,46,2023-01-06 06:00:00 UTC,FOR ORDERS@@@@@@@@@@,0,satellite
2024-01-01 00:51:42.095 UTC,2024-01-01 00:00:00 UTC,2023-12-31 23:18:51 UTC,2024-01-01 00:00:00 UTC,636021236,-26.116899999999998,-38.986734999999996,11.5,117.4,120,9908619,BOKM DALIAN         ,5LCY4  ,LR,20.4,70,Cargo,340,62,2023-02-05 12:00:00 UTC,"QINGDAO,CHINA       ",0,satellite
2024-01-01 00:19:56.655 UTC,2024-01-01 00:00:00 UTC,2023-12-31 23:21:11 UTC,2024-01-01 00:00:00 UTC,477195800,-48.066469999999995,-76.372530000000012,11.9,172.5,179,9610717,JAMAICA BAY         ,VRMC9  ,HK,6.9,70,Cargo,180,30,2023-01-06 06:00:00 UTC,ARNEC               ,0,satellite
2024-01-01 00:51:42.479 UTC,2024-01-01 00:00:00 UTC,2023-12-31 23:21:08 UTC,2024-01-01 00:00:00 UTC,563051700,-24.25595,-45.55883333333334,18.9,76,76,9348053,MAERSK MONTE AZUL   ,9V7382 ,SG,14,71,Cargo,272,40,2023-01-10 11:00:00 UTC,BRSZZ>COCTG         ,4,satellite
2024-01-01 00:51:42.144 UTC,2024-01-01 00:00:00 UTC,2023-12-31 22:03:06 UTC,2024-01-01 00:00:00 UTC,357835000,-9.8019883333333322,-34.001071666666668,11,13.5,13,9434498,AMSTEL LION         ,3EYU4  ,PA,12,70,Cargo,200,32,2023-01-15 11:00:00 UTC,USILM               ,0,satellite
2024-01-01 04:25:53.804 UTC,2024-01-01 00:00:00 UTC,2023-12-31 23:56:31 UTC,2024-01-01 00:00:00 UTC,725002300,-54.851933333333335,-73.128983333333323,0.7,335.6,317,7387392,CISNEBLANCO         ,CB-4108,CL,4.1,30,Fishing Vessel,47,9,2023-12-25 13:00:00 UTC,ZONA DE PESCA       ,7,satellite
2024-01-01 00:01:01.229 UTC,2024-01-01 00:00:00 UTC,2023-12-31 23:54:31 UTC,2024-01-01 00:00:00 UTC,636018927,-25.697181666666665,-48.255998333333331,0.4,288.9,109,9507788,STAR BRIGHT         ,A8VC8  ,LR,10.8,70,Cargo,188,32,2023-12-20 14:00:00 UTC,BR PNG              ,1,terrestrial
2024-01-01 00:45:26.438 UTC,2024-01-01 00:00:00 UTC,2023-12-31 23:58:40 UTC,2024-01-01 00:00:00 UTC,255806386,-27.384371666666667,-33.82157,12,115.8,114,9717668,EDWINE OLDENDORFF   ,CQEH7  ,PT,8.4,70,Cargo,180,30,2023-01-25 08:00:00 UTC,AE FJR              ,0,satellite
2024-01-01 00:51:42.469 UTC,2024-01-01 00:00:00 UTC,2023-12-31 23:36:57 UTC,2024-01-01 00:00:00 UTC,311000768,-25.226125000000003,-42.56982,0.1,109.9,197,9235256,FPSO CARIOCA MV30@@@,C6DS3@@,BS,8,99,Other,332,58,2023-02-03 08:00:00 UTC,ANGRA DOS REIS@@@@@@,15,satellite
2024-01-01 00:00:31.628 UTC,2024-01-01 00:00:00 UTC,2023-12-31 23:58:40 UTC,2024-01-01 00:00:00 UTC,256903000,6.0950083333333334,3.2371866666666667,10.4,215.8,218,9693068,ABLIANI             ,9HA4031,MT,8.5,80,Tanker,250,44,2023-01-16 07:00:00 UTC,FOR ORDERS          ,0,terrestrial
2024-01-01 04:25:53.483 UTC,2024-01-01 00:00:00 UTC,2023-12-31 20:21:37 UTC,2024-01-01 00:00:00 UTC,241529000,-53.489451666666668,-72.697868333333332,11.9,304.6,303,9798870,PERSEPOLIS          ,SVCR3  ,GR,12.9,80,Tanker,228,33,2023-01-09 06:00:00 UTC,PE LPP              ,0,satellite
2024-01-01 00:51:42.469 UTC,2024-01-01 00:00:00 UTC,2023-12-31 22:43:21 UTC,2024-01-01 00:00:00 UTC,538006311,-22.689683333333335,-39.718283333333339,12.1,41,41,9428346,PARADISE CITY       ,V7LP4  ,MH,8,89,Tanker,183,32,2023-01-23 11:00:00 UTC,RU PRI              ,0,satellite
2024-01-01 04:25:53.482 UTC,2024-01-01 00:00:00 UTC,2023-12-31 23:13:20 UTC,2024-01-01 00:00:00 UTC,215538000,-51.287434999999995,-76.062731666666664,10.4,349.2,351,9589097,SUZANNA D           ,9HA5166,MT,10,70,Cargo,190,28,2023-01-13 12:00:00 UTC,ACAJUTLA            ,0,satellite
2024-01-01 00:46:10.116 UTC,2024-01-01 00:00:00 UTC,2023-12-31 23:27:54 UTC,2024-01-01 00:00:00 UTC,308015000,-8.3110616666666672,-27.486948333333331,14.2,128.4,127,9321249,MOL CHARISMA        ,C6WN8  ,BS,11.2,71,Cargo,316,46,2023-01-30 00:00:00 UTC,HKHKG               ,0,satellite
2024-01-01 00:19:56.655 UTC,2024-01-01 00:00:00 UTC,2023-12-31 23:57:27 UTC,2024-01-01 00:00:00 UTC,725004256,-43.678515,-73.231841666666668,8.9,16.3,21,9946946,ALSVID              ,CA8703 ,CL,5.5,90,Other,60,12,2023-01-01 13:00:00 UTC,BAHIA ILQUE         ,0,satellite
2024-01-01 00:00:17.106 UTC,2024-01-01 00:00:01 UTC,2023-12-31 23:55:42 UTC,2024-01-01 00:00:01 UTC,657652000,4.0228466666666671,7.5063866666666668,0.8,54.9,511,0,SURFER  2624@@@@@@@@,5NUG2@@,NG,1,60,Passenger Ship,26,6,2023-11-25 12:30:00 UTC,FOT ONNE@@@@@@@@@@@@,0,terrestrial
2024-01-01 00:00:01.321 UTC,2024-01-01 00:00:01 UTC,2023-12-31 23:58:32 UTC,2024-01-01 00:00:01 UTC,657118600,6.4481416666666673,3.3915616666666666,0,319,304,9702326,MV BARAK DEFENDER   ,5NUT6  ,NG,0,35,Special Craft,0,0,,@@@@@@@@@@@@@@@@@@@@,15,terrestrial
2024-01-01 00:00:35.05 UTC,2024-01-01 00:00:01 UTC,2023-12-31 23:54:54 UTC,2024-01-01 00:00:01 UTC,657221600,6.4349799999999995,3.393465,0,274.1,296,0,PC KOKO             ,5ORS   ,NG,2.2,50,Special Craft,21,5,,?                   ,8,terrestrial
2024-01-01 00:00:01.343 UTC,2024-01-01 00:00:01 UTC,2023-12-31 23:55:46 UTC,2024-01-01 00:00:01 UTC,701006384,-34.633878333333335,-58.35245333333333,0,298.5,197,9549815,RAM MAPUCHE I       ,LW2553 ,AR,4,52,Tug,24,10,2023-12-01 21:00:00 UTC,BS AS               ,0,terrestrial
2024-01-01 00:00:01.701 UTC,2024-01-01 00:00:01 UTC,,2024-01-01 00:00:01 UTC,657126400,4.6830883333333331,7.1567333333333334,0,75.2,190,,,,NG,,,,,,,,8,terrestrial
2024-01-01 00:00:01.035 UTC,2024-01-01 00:00:01 UTC,2023-12-31 23:56:47 UTC,2024-01-01 00:00:01 UTC,657138100,6.4506616666666661,3.3734783333333334,0,185.4,511,9769893,MT UBIMA            ,5OBU   ,NG,4.6,52,Tug,28,8,2023-04-03 10:30:00 UTC,LAGOS               ,0,terrestrial
2024-01-01 00:00:01.6 UTC,2024-01-01 00:00:01 UTC,2023-12-31 23:58:48 UTC,2024-01-01 00:00:01 UTC,657243000,6.4655766666666663,3.37561,0,212.5,511,9468695,BEGER ENDURANCE     ,5NLD   ,NG,0,46,High-Speed Craft,25,10,2023-12-09 10:08:00 UTC,@@@@@@@@@@@@@@@@@@@@,15,terrestrial
2024-01-01 00:00:04.585 UTC,2024-01-01 00:00:01 UTC,2023-12-31 23:55:13 UTC,2024-01-01 00:00:01 UTC,710937289,-26.888575,-48.663966666666667,0,214.1,214,,BALI JJ@@@@@@@@@@@@@,@@@@@@@,BR,,30,Fishing Vessel,0,0,,,,terrestrial
2024-01-01 00:00:03.065 UTC,2024-01-01 00:00:01 UTC,2023-12-31 23:58:19 UTC,2024-01-01 00:00:01 UTC,755149000,-34.902616666666667,-56.211803333333336,0,208.6,127,9411862,INNOVADOR@@@@@@@@@@@,ZPCF@@@,PY,3.4,70,Cargo,139,22,2023-12-28 00:00:00 UTC,MVD Y ESCALAS@@@@@@@,2,terrestrial
2024-01-01 00:00:03.334 UTC,2024-01-01 00:00:01 UTC,,2024-01-01 00:00:01 UTC,701000968,-38.04851,-57.537605,0.1,200.9,511,,,,AR,,,,,,,,0,terrestrial
2024-01-01 00:00:01.267 UTC,2024-01-01 00:00:01 UTC,2023-12-31 23:47:21 UTC,2024-01-01 00:00:01 UTC,701006135,-38.045536666666663,-57.540034999999996,0,0,511,8703490,SCIROCCO@@@@@@@@@@@@,LW4665@,AR,3.2,30,Fishing Vessel,68,10,2023-06-30 04:00:00 UTC,PTO MAR DEL PLATA @@,0,terrestrial
2024-01-01 00:00:01.701 UTC,2024-01-01 00:00:01 UTC,2023-12-31 23:52:57 UTC,2024-01-01 00:00:01 UTC,657100100,4.6954366666666667,7.1576233333333334,0,360,511,9689406,TMC EAGLE           ,5NXJ   ,NG,2,55,Special Craft,0,0,2023-10-15 17:00:00 UTC,FOT                 ,8,terrestrial
2024-01-01 00:00:18.496 UTC,2024-01-01 00:00:01 UTC,2023-12-31 23:58:50 UTC,2024-01-01 00:00:01 UTC,657175500,4.0483266666666662,7.5271316666666666,6.8,285.2,282,9869837,TMC FALCON          ,5NYL8  ,NG,1.8,68,Passenger Ship,40,8,2023-12-13 13:05:00 UTC,ONNE                ,5,terrestrial
2024-01-01 00:00:01.6 UTC,2024-01-01 00:00:01 UTC,2023-12-31 23:56:08 UTC,2024-01-01 00:00:01 UTC,355484000,6.3780166666666664,3.3124166666666666,0.1,23,284,9041502,AXIS                ,3EWL4  ,PA,5,89,Tanker,101,15,2023-11-29 01:00:00 UTC,LAGOS               ,3,terrestrial
2024-01-01 00:00:01.056 UTC,2024-01-01 00:00:01 UTC,2023-12-31 23:59:20 UTC,2024-01-01 00:00:01 UTC,657173100,5.26581,4.4749433333333331,5.8,257.3,271,9874363,RELIANCE MERCY      ,5OAT2  ,NG,3,40,High-Speed Craft,35,7,,OUT BOUND           ,0,terrestrial
2024-01-01 04:25:53.671 UTC,2024-01-01 00:00:01 UTC,2023-12-31 23:57:18 UTC,2024-01-01 00:00:01 UTC,701000607,-47.754033333333339,-65.911861666666667,0,0,511,8608224,ARBUMASA XIX@@@@@@@@,LW9025@,AR,4.5,30,Fishing Vessel,35,5,2023-07-09 08:00:00 UTC,PUERTO.DESEADO@@@@@@,7,satellite
2024-01-01 00:00:03.338 UTC,2024-01-01 00:00:01 UTC,2023-12-31 23:59:02 UTC,2024-01-01 00:00:01 UTC,701000818,-38.048521666666673,-57.536851666666664,0.3,255.3,511,9020948,DON SANTIAGO@@@@@@@@,LW 8934,AR,2,30,Fishing Vessel,26,8,2023-11-04 02:30:00 UTC,ZONA DE PESCA @@@@@@,7,terrestrial
2024-01-01 00:00:03.219 UTC,2024-01-01 00:00:01 UTC,,2024-01-01 00:00:01 UTC,770576120,-34.900613333333332,-56.204258333333335,0,10.9,511,,,,UY,,,,,,,,0,terrestrial
2024-01-01 00:00:01.286 UTC,2024-01-01 00:00:01 UTC,2023-12-31 23:54:40 UTC,2024-01-01 00:00:01 UTC,657201800,4.139045,7.1427566666666671,8.1,316.3,325,9888845,OMS OSSE            ,50NG   ,NG,0,55,Special Craft,39,8,,@@@@@@@@@@@@@@@@@@@@,15,terrestrial
2024-01-01 00:00:03.976 UTC,2024-01-01 00:00:01 UTC,2023-12-31 23:31:37 UTC,2024-01-01 00:00:01 UTC,701006261,-38.78144833333333,-62.302476666666664,0.1,0,511,8303630,MADRUGADOR          ,LW5788 ,AR,3.7,52,Tug,33,9,2023-01-17 12:00:00 UTC,ING.WHITE @@@@@@@@@@,8,terrestrial
2024-01-01 00:46:09.821 UTC,2024-01-01 00:00:01 UTC,2023-12-31 21:26:35 UTC,2024-01-01 00:00:01 UTC,710027240,-6.265045,-34.504606666666668,18.8,161.6,157,9697002,MERCOSUL ITAJAI     ,PPKQ   ,BR,8.3,72,Cargo,195,32,2023-01-04 01:00:00 UTC,BRMAO BRSSZ         ,0,satellite
2024-01-01 01:18:05.312 UTC,2024-01-01 00:00:01 UTC,2023-12-31 23:56:36 UTC,2024-01-01 00:00:01 UTC,657132800,4.2150516666666666,8.024105,6.4,340.7,342,9786396,GUARDIAN 2          ,5NWH3  ,NG,0,50,Special Craft,33,7,2023-08-30 19:25:00 UTC,YOHO                ,0,satellite
2024-01-01 00:00:09.569 UTC,2024-01-01 00:00:01 UTC,2023-12-31 23:55:18 UTC,2024-01-01 00:00:01 UTC,710000140,-22.8368,-43.128725,0.1,62.6,511,9207613,ASTRO BARRACUDA     ,PPOL   ,BR,4.6,70,Cargo,71,16,2023-08-29 11:00:00 UTC,RIO DE JANEIRO      ,8,terrestrial
2024-01-01 00:00:04.866 UTC,2024-01-01 00:00:01 UTC,2023-12-31 11:49:36 UTC,2024-01-01 00:00:01 UTC,657197200,6.433635,3.3645283333333333,0.7,252.6,511,0,@@@@@@@@@@@@@@@@@@@@,@@@@@@@,NG,0,10,Wing In Ground,0,0,2023-10-29 11:20:00 UTC,@@@@@@@@@@@@@@@@@@@@,15,terrestrial
2024-01-01 00:00:26.768 UTC,2024-01-01 00:00:01 UTC,2023-12-31 23:57:31 UTC,2024-01-01 00:00:01 UTC,657159900,4.42826,7.15482,0,216,511,9822281,ATIMA II            ,5OEA2  ,NG,1.8,60,Passenger Ship,40,8,2023-11-14 20:00:00 UTC,BONNY               ,0,terrestrial
2024-01-01 00:00:01.035 UTC,2024-01-01 00:00:01 UTC,2023-12-31 23:58:05 UTC,2024-01-01 00:00:01 UTC,657244200,4.42224,7.144585,0,189.7,209,9706695,CTOW LALA           ,5OWZ   ,NG,0,52,Tug,28,10,2023-09-26 07:30:00 UTC,BUOY1AND2           ,15,terrestrial
2024-01-01 00:00:03.436 UTC,2024-01-01 00:00:01 UTC,2023-12-31 23:55:38 UTC,2024-01-01 00:00:01 UTC,701056000,-38.89541333333333,-62.103674999999996,0,272.9,258,6615091,ALDEBARAN           ,LW9230 ,AR,2.4,30,Fishing Vessel,27,6,2023-12-01 04:00:00 UTC,PTO BELGRANO@@@@@@@@,0,terrestrial
2024-01-01 00:00:01.895 UTC,2024-01-01 00:00:01 UTC,2023-12-31 23:59:21 UTC,2024-01-01 00:00:01 UTC,657245200,6.44975,3.3742333333333336,0,221,242,9531624,ANTELOPE            ,5OXH   ,NG,2.6,33,Special Craft,27,9,2023-07-26 07:00:00 UTC,APAPA 1             ,3,terrestrial
2024-01-01 00:00:16.674 UTC,2024-01-01 00:00:01 UTC,2023-12-31 23:51:37 UTC,2024-01-01 00:00:01 UTC,311000228,3.22278,8.2969450000000009,17.4,181.9,181,9680190,ASIA VENTURE@@@@@@@@,C6BC9@@,BS,11.3,81,Tanker,285,44,2023-01-05 06:00:00 UTC,"WALVIS BAY, NM@@@@@@",0,terrestrial
2024-01-01 00:00:04.2 UTC,2024-01-01 00:00:01 UTC,2023-12-31 23:59:41 UTC,2024-01-01 00:00:01 UTC,701006396,-34.634048333333332,-58.352675,0,264.9,511,8008060,VB RECOLETA@@@@@@@@@,LW4605@,AR,0.5,36,Sailing Vessel,33,8,2023-09-04 06:00:00 UTC,RAMALLO@@@@@@@@@@@@@,0,terrestrial
2024-01-01 00:00:02.703 UTC,2024-01-01 00:00:01 UTC,2023-12-31 23:56:08 UTC,2024-01-01 00:00:01 UTC,657246300,5.53953,5.7057366666666667,0,0,511,8793653,PSL DOVE@@@@@@@@@@@@,5OXM@@@,NG,4,90,Other,120,33,2023-01-05 09:00:00 UTC,WARRI OFFSHORE@@@@@@,3,terrestrial
2024-01-01 00:00:06.477 UTC,2024-01-01 00:00:01 UTC,2023-12-31 23:58:01.667 UTC,2024-01-01 00:00:01 UTC,627261000,5.6353383333333333,0.01108,0,360,256,,M/V YAA ASANTEWAA   ,9G-BJ2 ,GH,,55,Special Craft,0,0,,,,terrestrial
2024-01-01 00:00:01.286 UTC,2024-01-01 00:00:01 UTC,2023-12-31 23:57:33 UTC,2024-01-01 00:00:01 UTC,657212300,4.4445000000000006,7.1536666666666671,0,5,511,9231705,HALIMA@@@@@@@@@@@@@@,5OQZ@@@,NG,5,80,Tanker,176,27,2023-10-16 19:00:00 UTC,COWTHORE CHANNEL A@@,0,terrestrial
2024-01-01 00:00:01.32 UTC,2024-01-01 00:00:01 UTC,2023-12-31 22:18:25 UTC,2024-01-01 00:00:01 UTC,657136300,6.373165,3.38348,0.5,123.8,511,,,50BN   ,NG,,80,Tanker,2,2,,,0,terrestrial
2024-01-01 00:00:01.538 UTC,2024-01-01 00:00:01 UTC,2023-12-31 23:54:02 UTC,2024-01-01 00:00:01 UTC,710019690,-22.878531666666667,-43.120824999999996,0,48.5,511,0,BRIZAMAR         @@@,PQ4577 ,BR,0,99,Other,42,10,2023-07-23 07:00:00 UTC,PCAXV X PAQUETA@@@@@,0,terrestrial
2024-01-01 00:00:01.035 UTC,2024-01-01 00:00:01 UTC,2023-12-31 23:59:07 UTC,2024-01-01 00:00:01 UTC,538007608,4.4549800000000008,7.1573933333333333,0,256.2,27,9257498,PRESTIGIOUS         ,V7W19  ,MH,8,89,Tanker,223,32,2023-12-30 14:00:00 UTC,NG BON              ,1,terrestrial
2024-01-01 00:20:14.303 UTC,2024-01-01 00:00:01 UTC,2023-12-31 23:57:18 UTC,2024-01-01 00:00:01 UTC,701000607,-47.754033333333339,-65.911861666666667,0,0,511,8608224,ARBUMASA XIX@@@@@@@@,LW9025@,AR,4.5,30,Fishing Vessel,35,5,2023-07-09 08:00:00 UTC,PUERTO.DESEADO@@@@@@,7,satellite
2024-01-01 00:00:01.286 UTC,2024-01-01 00:00:01 UTC,2023-12-31 23:55:25 UTC,2024-01-01 00:00:01 UTC,657151400,4.4219016666666668,7.144681666666667,0.2,243.4,511,0,MV MYRA             ,50BH6  ,NG,0,0,Other,0,0,,@@@@@@@@@@@@@@@@@@@@,15,terrestrial
2024-01-01 00:00:01.286 UTC,2024-01-01 00:00:01 UTC,2023-12-31 23:56:17 UTC,2024-01-01 00:00:01 UTC,657197400,4.3581633333333336,8.00836,6.7,244.1,239,9881706,MEDIATOR II         ,5OLS   ,NG,2.6,0,Other,0,0,2023-06-07 20:23:00 UTC,YOHO                ,0,terrestrial
2024-01-01 00:00:02.704 UTC,2024-01-01 00:00:01 UTC,2023-12-31 23:57:30 UTC,2024-01-01 00:00:01 UTC,352978128,-0.87925666666666669,8.6639083333333335,0.1,233.7,511,0,SURFER 19011 @@@@@@@,HOA2205,PA,0,0,Other,0,0,,@@@@@@@@@@@@@@@@@@@@,0,terrestrial
2024-01-01 00:00:16.494 UTC,2024-01-01 00:00:01 UTC,2023-12-31 23:57:43 UTC,2024-01-01 00:00:01 UTC,657171200,4.1894,8.1914,6.6,247,242,9801639,MV ELYON            ,50AK2  ,NG,0,35,Special Craft,13,9,2023-09-29 12:30:00 UTC,@@@@@@@@@@@@@@@@@@@@,0,terrestrial
2024-01-01 00:00:03.975 UTC,2024-01-01 00:00:01 UTC,2023-12-31 23:55:56 UTC,2024-01-01 00:00:01 UTC,657615000,4.7735866666666675,7.0659916666666662,0,345.5,511,9592147,MV PRIMUS           ,5NTZ   ,NG,3,90,Other,25,9,2023-01-13 06:00:00 UTC,ADANGA FIELD        ,0,terrestrial
2024-01-01 00:00:03.337 UTC,2024-01-01 00:00:01 UTC,2023-12-31 23:59:33 UTC,2024-01-01 00:00:01 UTC,238297000,-25.680588333333333,-48.27021666666667,0.7,163,82,9585546,VERUDA              ,9AA8040,HR,12.5,70,Cargo,182,32,2023-12-19 12:00:00 UTC,PARANAGUA           ,1,terrestrial
2024-01-01 00:00:05.081 UTC,2024-01-01 00:00:01 UTC,2023-12-31 23:57:43 UTC,2024-01-01 00:00:01 UTC,627887000,5.6346549999999995,0.017626666666666669,0.1,274.7,326,7437202,AGNES1              ,9GEW   ,GH,0,30,Fishing Vessel,0,0,,@@@@@@@@@@@@@@@@@@@@,15,terrestrial
2024-01-01 00:00:06.583 UTC,2024-01-01 00:00:01 UTC,2023-12-31 23:56:47 UTC,2024-01-01 00:00:01 UTC,627221000,5.6085733333333341,0.03812,0.1,147.9,241,8748660,LONG TAI 1@@@@@@@@@@,9GLL@@@,GH,0,30,Fishing Vessel,58,13,,@@@@@@@@@@@@@@@@@@@@,15,terrestrial
2024-01-01 00:00:04.485 UTC,2024-01-01 00:00:01 UTC,2023-12-31 23:58:15 UTC,2024-01-01 00:00:01 UTC,710006297,-26.97734,-48.501831666666668,1.3,222.4,221,9309289,MSC BELMONTE III    ,PU7718 ,BR,10.3,79,Cargo,231,32,2023-01-02 00:01:00 UTC,SSZ                 ,0,terrestrial
2024-01-01 00:00:01.681 UTC,2024-01-01 00:00:01 UTC,2023-12-31 23:54:43 UTC,2024-01-01 00:00:01 UTC,657229300,4.01034,7.7087633333333336,4.8,120.4,129,9894870,RAKPOR              ,5OEA5  ,NG,1.1,35,Special Craft,40,8,2023-10-07 02:30:00 UTC,AKPO FIELD          ,13,terrestrial
2024-01-01 00:00:02.263 UTC,2024-01-01 00:00:01 UTC,2023-12-31 23:59:56 UTC,2024-01-01 00:00:01 UTC,770576481,-34.900054999999995,-56.202935000000004,0,225,511,8407175,GRANDE HERMINE      ,CXAC   ,UY,5.8,30,Fishing Vessel,62,15,2023-09-15 10:00:00 UTC,MVD UY              ,7,terrestrial
2024-01-01 00:00:03.092 UTC,2024-01-01 00:00:01 UTC,2023-12-31 23:59:37 UTC,2024-01-01 00:00:01 UTC,701006055,-38.922151666666664,-62.072173333333332,0,23.4,347,8600715,SIEMPRE SANTA ROSA  ,LW 6398,AR,3,30,Fishing Vessel,28,6,2023-08-31 00:00:00 UTC,PTO MADRYN@@@@@@@@@@,0,terrestrial
2024-01-01 00:51:30.261 UTC,2024-01-01 00:00:01 UTC,2023-12-31 23:56:27 UTC,2024-01-01 00:00:01 UTC,710033320,-22.939478333333334,-43.870601666666666,0,183.1,511,9869772,SAAM ALYA@@@@@@@@@@@,PU5006@,BR,6.2,52,Tug,32,12,2023-11-29 16:00:00 UTC,ITAGUAI R.J@@@@@@@@@,0,satellite
2024-01-01 00:00:42.792 UTC,2024-01-01 00:00:01 UTC,,2024-01-01 00:00:01 UTC,657126400,4.6830883333333331,7.1567333333333334,0,75.2,190,,,,NG,,,,,,,,8,terrestrial
2024-01-01 00:00:02.062 UTC,2024-01-01 00:00:01 UTC,2023-12-31 23:54:55 UTC,2024-01-01 00:00:01 UTC,253272000,-34.879209999999993,-56.224548333333338,0,172,347,9462653,TRINIDAD            ,LXNI   ,LU,3.6,99,Other,82,17,2023-10-05 12:00:00 UTC,MONTEVIDEO          ,0,terrestrial
2024-01-01 00:00:18.697 UTC,2024-01-01 00:00:01 UTC,2023-12-31 23:54:01 UTC,2024-01-01 00:00:01 UTC,657254600,3.94799,7.797335,6.5,193.7,199,9916422,ANDREA 2            ,5OZR   ,NG,1.7,65,Passenger Ship,40,8,2023-12-02 12:00:00 UTC,ODUDU_FIELD         ,0,terrestrial
2024-01-01 00:00:01.895 UTC,2024-01-01 00:00:01 UTC,2023-12-31 23:59:04 UTC,2024-01-01 00:00:01 UTC,657146000,4.2718133333333332,8.1341966666666661,6.4,333.8,335,9786425,GUARDIAN 3          ,5NLK4  ,NG,2.5,0,Other,33,6,2023-12-14 08:20:00 UTC,YOHO                ,0,terrestrial
2024-01-01 00:00:03.085 UTC,2024-01-01 00:00:01 UTC,2023-12-31 22:00:44 UTC,2024-01-01 00:00:01 UTC,710005121,-23.980688333333333,-46.325775,1.2,284.2,284,,BIGU     @@@@@@@@@@@,PU 6471,BR,,52,Tug,12,4,,,,terrestrial
2024-01-01 00:00:01.056 UTC,2024-01-01 00:00:01 UTC,2023-12-31 23:55:14 UTC,2024-01-01 00:00:01 UTC,657141200,4.789506666666667,7.060405,0,276.2,511,9787704,JASPILO             ,5OCA4  ,NG,0,60,Passenger Ship,40,8,,@@@@@@@@@@@@@@@@@@@@,15,terrestrial
2024-01-01 00:00:01.056 UTC,2024-01-01 00:00:01 UTC,2023-12-31 23:56:21 UTC,2024-01-01 00:00:01 UTC,657011005,6.4504183333333334,3.3735416666666667,0,360,511,9252670,MT EMEKUKU          ,5NBBW  ,NG,0,52,Tug,26,9,,@@@@@@@@@@@@@@@@@@@@,15,terrestrial
2024-01-01 00:00:04.584 UTC,2024-01-01 00:00:01 UTC,2023-12-31 23:58:02 UTC,2024-01-01 00:00:01 UTC,636093108,-12.297931666666667,13.56343,6.9,261.1,256,9403463,DOUALA EXPRESS@@@@@@,5LFX7@@,LR,5.9,70,Cargo,148,23,2023-02-01 07:00:00 UTC,AO LOB > AO MSZ@@@@@,0,terrestrial
2024-01-01 00:19:56.6 UTC,2024-01-01 00:00:01 UTC,2023-12-31 23:56:46 UTC,2024-01-01 00:00:01 UTC,701006060,-47.751813333333331,-65.918036666666666,0,275.9,511,8714516,VIERASA QUINCE@@@@@@,LW8902 ,AR,4.5,30,Fishing Vessel,48,9,2023-11-10 18:15:00 UTC,@@@@@@@@@@@@@@@@@@@@,0,satellite
2024-01-01 00:00:02.928 UTC,2024-01-01 00:00:01 UTC,2023-12-31 23:55:36 UTC,2024-01-01 00:00:01 UTC,770576232,-34.89969833333334,-56.19956,0,181.1,511,0,BUENOS AIRES EXPRESS,CXTD   ,UY,1.8,60,Passenger Ship,30,9,2023-12-15 12:00:00 UTC,MONTEVIDEO          ,0,terrestrial
2024-01-01 01:18:05.176 UTC,2024-01-01 00:00:01 UTC,2023-12-31 23:58:48 UTC,2024-01-01 00:00:01 UTC,671046300,0.27825666666666665,9.43183,0,0.1,511,8008228,ARIEL@@@@@@@@@@@@@@@,5VIL2@@,TG,5,70,Cargo,39,9,2023-12-30 20:52:00 UTC,LBU GABON @@@@@@@@@@,0,satellite
2024-01-01 00:00:03.976 UTC,2024-01-01 00:00:01 UTC,2023-12-31 23:56:37 UTC,2024-01-01 00:00:01 UTC,701006637,-38.04595166666666,-57.537995,0,337.4,260,7390820,ATLANTIC EXPRESS    ,LW 3206,AR,3.1,30,Fishing Vessel,55,11,2023-12-13 06:00:00 UTC,MAR DEL PLATA @@@@@@,0,terrestrial
2024-01-01 00:00:01.213 UTC,2024-01-01 00:00:01 UTC,2023-12-31 23:59:03.731 UTC,2024-01-01 00:00:01 UTC,657477000,4.23831,7.84524,6,253.3,511,,MV SHALOM 1         ,5NSA   ,NG,,37,Pleasure Craft,0,0,,,,terrestrial
2024-01-01 00:00:01.895 UTC,2024-01-01 00:00:01 UTC,2023-12-31 23:58:59 UTC,2024-01-01 00:00:01 UTC,657131200,6.4502816666666671,3.3739516666666662,0.1,360,511,9151735,SD GUMEL            ,5NTC   ,NG,0,33,Special Craft,87,12,,@@@@@@@@@@@@@@@@@@@@,15,terrestrial
2024-01-01 00:00:03.373 UTC,2024-01-01 00:00:01 UTC,2023-12-31 23:57:27 UTC,2024-01-01 00:00:01 UTC,701000550,-38.78897,-62.274161666666672,0.6,46,511,8604101,ARGENOVA III        ,SSD@@@@,AR,4.2,0,Other,40,10,2023-10-04 02:00:00 UTC,ING. WHITE @@@@@@@@@,0,terrestrial
2024-01-01 00:00:01.456 UTC,2024-01-01 00:00:01 UTC,2023-12-31 23:25:33 UTC,2024-01-01 00:00:01 UTC,701062000,-38.04961,-57.53478166666666,0,258,511,0,INSOLITO            ,LW9928 ,AR,2.7,30,Fishing Vessel,23,6,2023-11-03 10:00:00 UTC,PTO. MAR DEL PLATA  ,0,terrestrial
2024-01-01 00:51:42.47 UTC,2024-01-01 00:00:01 UTC,2023-12-31 20:53:10 UTC,2024-01-01 00:00:01 UTC,710006640,-25.349023333333331,-42.716635,0.1,50.7,182,9565663,CBO RENATA          ,PQAI   ,BR,5,70,Cargo,77,17,2023-12-28 18:00:00 UTC,P67                 ,0,satellite
2024-01-01 00:46:10.116 UTC,2024-01-01 00:00:01 UTC,2023-12-31 23:33:28 UTC,2024-01-01 00:00:01 UTC,352515000,-17.166153333333334,-38.3041,11.7,354.8,357,9127071,DAHLIA@@@@@@@@@@@@@@,3FND5@@,PA,6.8,70,Cargo,145,24,2023-12-31 12:23:00 UTC,BR SSA@@@@@@@@@@@@@@,0,satellite
2024-01-01 00:00:01.286 UTC,2024-01-01 00:00:01 UTC,2023-12-31 23:59:28 UTC,2024-01-01 00:00:01 UTC,657556000,4.3827866666666662,8.2337233333333337,0.9,107.1,511,7807433,M/V SEACHER         ,5NTC@@@,NG,1.7,90,Other,0,0,2023-04-06 11:25:00 UTC,ANTAN              F,0,terrestrial
2024-01-01 00:00:17.077 UTC,2024-01-01 00:00:01 UTC,2023-12-31 23:59:18 UTC,2024-01-01 00:00:01 UTC,565985000,4.2300066666666662,7.8375666666666666,0,219.9,322,8770546,CARACAL PIONEER     ,9V8356 ,SG,3,90,Other,80,44,2023-12-21 12:00:00 UTC,IBOM_FIELD          ,3,terrestrial
2024-01-01 00:20:14.499 UTC,2024-01-01 00:00:01 UTC,2023-12-31 23:56:43 UTC,2024-01-01 00:00:01 UTC,701041000,-47.754821666666665,-65.910361666666674,0,0,511,8801204,MIRIAM@@@@@@@@@@@@@@,LW 9894,AR,3.9,0,Other,45,9,2023-10-02 07:00:00 UTC,PUERTO DESEADO      ,0,satellite
2024-01-01 00:00:01.394 UTC,2024-01-01 00:00:01 UTC,2023-12-31 23:58:26 UTC,2024-01-01 00:00:01 UTC,657129500,4.7676066666666665,7.052718333333333,0,215.5,267,9291030,KALAFACE            ,5OAV   ,NG,0,52,Tug,66,17,2023-11-07 22:00:00 UTC,UW>200M             ,0,terrestrial
2024-01-01 04:25:53.351 UTC,2024-01-01 00:00:01 UTC,2023-12-31 23:56:46 UTC,2024-01-01 00:00:01 UTC,701006060,-47.751813333333331,-65.918036666666666,0,275.9,511,8714516,VIERASA QUINCE@@@@@@,LW8902 ,AR,4.5,30,Fishing Vessel,48,9,2023-11-10 18:15:00 UTC,@@@@@@@@@@@@@@@@@@@@,0,satellite
2024-01-01 00:00:45.169 UTC,2024-01-01 00:00:01 UTC,2023-12-31 23:54:37 UTC,2024-01-01 00:00:01 UTC,248582000,-22.884728333333332,14.473766666666668,0,179.9,167,9395874,ANUKET CORAL        ,9HA2427,MT,6.2,80,Tanker,100,20,2023-12-25 16:00:00 UTC,WALVIS BAY          ,1,terrestrial
2024-01-01 00:51:30.453 UTC,2024-01-01 00:00:01 UTC,2023-12-31 23:42:14 UTC,2024-01-01 00:00:01 UTC,416060900,-5.88496,-20.647413333333336,3.8,87.7,511,,CHIN CHANG MING@@@@@,BI2443@,TW,,30,Fishing Vessel,0,0,,,,satellite
2024-01-01 00:19:56.77 UTC,2024-01-01 00:00:01 UTC,2023-12-31 23:07:17 UTC,2024-01-01 00:00:01 UTC,257791000,-52.928253333333338,-73.904805,12,120.7,122,9911654,BELGUARDIAN         ,LANS8  ,NO,13.5,0,Other,200,32,2023-01-24 17:00:00 UTC,US MSY              ,0,satellite
2024-01-01 00:00:01.035 UTC,2024-01-01 00:00:01 UTC,2023-12-31 23:56:24 UTC,2024-01-01 00:00:01 UTC,657993000,6.325353333333334,3.4577016666666665,6.1,135.2,136,9607318,MT SANTA MONICA     ,5NXF   ,NG,4.5,80,Tanker,112,16,2023-11-14 05:00:00 UTC,ARMED GUARDS ONBOARD,0,terrestrial
2024-01-01 04:25:53.79 UTC,2024-01-01 00:00:01 UTC,2023-12-31 23:43:21 UTC,2024-01-01 00:00:01 UTC,725001143,-42.314625,-72.792846666666676,0,231.7,216,0,KLIO@@@@@@@@@@@@@@@@,CA4523@,CL,0.4,99,Other,76,18,2023-12-30 21:59:00 UTC,CTA AYACARA   @@@@@@,0,satellite
2024-01-01 00:00:33.189 UTC,2024-01-01 00:00:01 UTC,2023-12-31 23:57:48 UTC,2024-01-01 00:00:01 UTC,657193500,5.3742633333333334,4.3473766666666664,0.2,16.1,281,9533725,MV A60              ,5OKE   ,NG,4.5,90,Other,87,19,2023-08-04 14:30:00 UTC,ERHA                ,0,terrestrial
2024-01-01 00:46:09.79 UTC,2024-01-01 00:00:01 UTC,2023-12-31 23:42:45 UTC,2024-01-01 00:00:01 UTC,636015991,-6.047741666666667,-7.8097983333333332,15.6,327.2,330,9325178,GOLD STAR           ,D5DX2  ,LR,9,70,Cargo,183,31,2023-01-11 12:00:00 UTC,GB BRS              ,0,satellite
2024-01-01 00:46:10.17 UTC,2024-01-01 00:00:01 UTC,2023-12-31 22:38:35 UTC,2024-01-01 00:00:01 UTC,538008708,0.94999666666666671,-10.439408333333335,11.1,145.2,145,9877664,SOLAR AILENE        ,V7A2677,MH,9.4,80,Tanker,169,25,2023-01-18 14:00:00 UTC,PORT LOUIS          ,0,satellite
2024-01-01 00:51:42.154 UTC,2024-01-01 00:00:01 UTC,2023-12-31 17:59:50 UTC,2024-01-01 00:00:01 UTC,247291600,-4.80252,-24.308603333333334,11.5,131.8,129,9480540,PS CADIZ            ,ICOD   ,IT,13.7,70,Cargo,230,32,2023-02-02 00:00:00 UTC,US MSY > SG PEBGB   ,0,satellite
2024-01-01 04:25:53.671 UTC,2024-01-01 00:00:01 UTC,2023-12-31 23:56:30 UTC,2024-01-01 00:00:01 UTC,725003208,-53.125231666666664,-70.859411666666659,0,308.9,511,9343235,LENADURA@@@@@@@@@@@@,CA 7806,CL,4.5,52,Tug,27,10,2023-11-20 16:00:00 UTC,PUNTA ARENAS@@@@@@@@,0,satellite
2024-01-01 00:00:03.069 UTC,2024-01-01 00:00:01 UTC,,2024-01-01 00:00:01 UTC,7010308,-38.791321666666668,-62.26589,,,,,,,AR,,,,,,,,,terrestrial
2024-01-01 00:00:15.715 UTC,2024-01-01 00:00:01 UTC,2023-12-31 23:59:02 UTC,2024-01-01 00:00:01 UTC,657101100,4.0467366666666669,7.50842,0.3,51.2,262,9668257,MV TEMILE           ,5NX0   ,NG,5,90,Other,87,19,2023-12-27 01:00:00 UTC,YOHO                ,0,terrestrial
2024-01-01 00:46:10.113 UTC,2024-01-01 00:00:01 UTC,2023-12-31 23:46:36 UTC,2024-01-01 00:00:01 UTC,566113000,-12.574983333333334,-23.055868333333333,11.9,304,305,9446099,PSU CMP@@@@@@@@@@@@@,9V3215@,SG,8.5,79,Cargo,289,45,2023-01-06 02:30:00 UTC,IN DAH>BR PMA@@@@@@@,0,satellite
2024-01-01 00:46:09.821 UTC,2024-01-01 00:00:01 UTC,2023-12-31 19:32:46 UTC,2024-01-01 00:00:01 UTC,538009053,-16.827336666666667,-36.520358333333334,11.9,16.1,17,9883065,SSI PROVIDENCE      ,V7A4247,MH,10,70,Cargo,180,30,2023-01-18 06:00:00 UTC,MX TUX              ,0,satellite
2024-01-01 01:18:05.334 UTC,2024-01-01 00:00:01 UTC,2023-12-31 23:58:44 UTC,2024-01-01 00:00:01 UTC,511100634,-8.7364033333333335,13.319170000000002,0,129,342,9130470,ATH LEMBA           ,T8A3814,PW,4.5,88,Tanker,102,16,2023-06-05 10:00:00 UTC,LUANDA              ,0,satellite
2024-01-01 00:00:04.928 UTC,2024-01-01 00:00:01 UTC,2023-12-31 23:59:26 UTC,2024-01-01 00:00:01 UTC,259006000,-22.839841666666665,-43.139901666666667,0,287.2,44,9484845,STRIL EXPLORER      ,LAZT7  ,NO,4.5,70,Cargo,76,16,2023-12-21 13:00:00 UTC,BRRIO               ,1,terrestrial
2024-01-01 04:25:53.77 UTC,2024-01-01 00:00:01 UTC,2023-12-31 20:54:36 UTC,2024-01-01 00:00:01 UTC,374804000,-49.939106666666667,-61.442085,10.9,205.7,205,9756743,NAVIOS FELIX        ,3EXY3  ,PA,15.6,70,Cargo,292,45,2023-01-20 00:00:00 UTC,LAZARO CADERNAS     ,0,satellite
2024-01-01 00:46:10.113 UTC,2024-01-01 00:00:01 UTC,2023-12-31 19:30:02 UTC,2024-01-01 00:00:01 UTC,538009161,-7.6172316666666671,-31.052626666666665,11.9,23,24,9478743,ECOOCEAN            ,V7A4396,MH,10.4,79,Cargo,190,32,2023-01-10 12:00:00 UTC,ARSLO=>MACAS        ,0,satellite
2024-01-01 04:25:53.811 UTC,2024-01-01 00:00:01 UTC,2023-12-31 23:55:32 UTC,2024-01-01 00:00:01 UTC,725001292,-53.12078666666666,-70.866255,0.4,227.5,511,9627306,PATHAGON@@@@@@@@@@@@,CA 5053,CL,2.6,14,Wing In Ground,96,16,2023-05-16 19:00:00 UTC,PUNTA ARENAS @@@@@@@,0,satellite
2024-01-01 00:51:42.476 UTC,2024-01-01 00:00:01 UTC,2023-12-31 19:28:29.549 UTC,2024-01-01 00:00:01 UTC,311000945,-24.629711666666665,-42.264813333333336,0.1,238.4,185,9881457,FPSO SEPETIBA       ,C6EN4  ,BS,10.4,90,Other,331,60,2023-09-06 06:00:00 UTC,BRADR               ,3,satellite
2024-01-01 00:51:42.464 UTC,2024-01-01 00:00:01 UTC,2023-12-31 20:59:57 UTC,2024-01-01 00:00:01 UTC,636022943,-24.787193333333335,-42.868253333333335,11.4,278.3,283,9738791,ANDERMATT           ,5LLE4  ,LR,13.1,70,Cargo,225,32,2023-01-01 19:00:00 UTC,BR SSZ              ,0,satellite
2024-01-01 00:51:42.331 UTC,2024-01-01 00:00:01 UTC,2023-12-31 21:40:48 UTC,2024-01-01 00:00:01 UTC,533130892,-22.472105,-40.059563333333337,0,291.6,10,9598256,EAGLE PARAIBA       ,9MPU2  ,MY,8.7,80,Tanker,245,42,2023-12-30 15:00:00 UTC,FSO P38             ,0,satellite